IPHONE,None,iPhone 15 Pro Max,https://hatocase.com/op-lung-dien-thoai-iphone-15-pro-max-theo-yeu-cau/
IPHONE,None,iPhone 15 Pro,https://hatocase.com/op-lung-dien-thoai-iphone-15-pro-theo-yeu-cau/
IPHONE,None,iPhone 15 Plus,https://hatocase.com/op-lung-dien-thoai-iphone-15-plus-theo-yeu-cau/
IPHONE,None,iPhone 15,https://hatocase.com/op-lung-dien-thoai-iphone-15-theo-yeu-cau/
IPHONE,None,iPhone 14 Pro Max,https://hatocase.com/in-op-lung-dien-thoai-iphone-14-pro-max-theo-yeu-cau/
IPHONE,None,iPhone 14 Pro,https://hatocase.com/in-op-lung-dien-thoai-iphone-14-pro-theo-yeu-cau/
IPHONE,None,iPhone 14 Plus,https://hatocase.com/in-op-lung-dien-thoai-iphone-14-plus-theo-yeu-cau/
IPHONE,None,iPhone 14,https://hatocase.com/in-op-lung-dien-thoai-iphone-14-theo-yeu-cau/
IPHONE,None,iPhone 13 Pro Max,https://hatocase.com/in-op-lung-dien-thoai-iphone-13-pro-max-theo-yeu-cau/
IPHONE,None,iPhone 13 Pro,https://hatocase.com/in-op-lung-dien-thoai-iphone-13-pro-theo-yeu-cau/
IPHONE,None,iPhone 13,https://hatocase.com/in-op-lung-dien-thoai-iphone-13-theo-yeu-cau/
IPHONE,None,iPhone 13 Mini,https://hatocase.com/in-op-lung-dien-thoai-iphone-13-mini-theo-yeu-cau/
IPHONE,None,iPhone 12 Pro Max,https://hatocase.com/in-op-lung-dien-thoai-iphone-12-pro-max-theo-yeu-cau/
IPHONE,None,iPhone 12 Pro,https://hatocase.com/in-op-lung-dien-thoai-iphone-12-pro-theo-yeu-cau/
IPHONE,None,iPhone 12,https://hatocase.com/in-op-lung-dien-thoai-iphone-12-theo-yeu-cau/
IPHONE,None,iPhone 12 Mini,https://hatocase.com/in-op-lung-dien-thoai-iphone-12-mini-theo-yeu-cau/
IPHONE,None,iPhone SE 2020,https://hatocase.com/in-op-lung-dien-thoai-iphone-se-2020-theo-yeu-cau/
IPHONE,None,iPhone 11 Pro Max,https://hatocase.com/in-op-lung-iphone-11-pro-max/
IPHONE,None,iPhone 11 Pro,https://hatocase.com/in-op-lung-iphone-11-pro/
IPHONE,None,iPhone 11,https://hatocase.com/in-op-lung-iphone-11/
IPHONE,None,iPhone Xs Max,https://hatocase.com/in-op-lung-iphone-xs-max/
IPHONE,None,iPhone Xs,https://hatocase.com/in-op-lung-iphone-xs/
IPHONE,None,iPhone Xr,https://hatocase.com/in-op-lung-iphone-xr/
IPHONE,None,iPhone X,https://hatocase.com/in-op-lung-iphone-x/
IPHONE,None,iPhone 8 plus,https://hatocase.com/in-op-lung-iphone-8-plus/
IPHONE,None,iPhone 8,https://hatocase.com/in-op-lung-iphone-8/
IPHONE,None,iPhone 7 plus,https://hatocase.com/in-op-lung-iphone-7-plus/
IPHONE,None,iPhone 7,https://hatocase.com/in-op-lung-iphone-7/
IPHONE,None,iPhone 6 plus/6s plus,https://hatocase.com/in-op-lung-iphone-6-6s-plus/
IPHONE,None,iPhone 6/6s,https://hatocase.com/in-op-lung-iphone-6-6s/
IPHONE,None,iPhone 5/5s/SE,https://hatocase.com/in-op-lung-iphone-5-5s-se/
IPHONE,None,iPhone 4/4s,https://hatocase.com/in-op-lung-iphone-4-4s/
SAMSUNG,Samsung Galaxy S,Galaxy S24 Ultra,https://hatocase.com/op-lung-dien-thoai-samsung-galaxy-s24-ultra-theo-yeu-cau/
SAMSUNG,Samsung Galaxy S,Galaxy S24 Plus,https://hatocase.com/op-lung-dien-thoai-samsung-galaxy-s24-plus-theo-yeu-cau/
SAMSUNG,Samsung Galaxy S,Galaxy S24,https://hatocase.com/op-lung-dien-thoai-samsung-galaxy-s24-theo-yeu-cau/
SAMSUNG,Samsung Galaxy S,Galaxy S23 FE,https://hatocase.com/op-lung-dien-thoai-samsung-galaxy-s23-fe-theo-yeu-cau/
SAMSUNG,Samsung Galaxy S,Galaxy S23 Ultra,https://hatocase.com/in-op-lung-dien-thoai-samsung-galaxy-s23-ultra-theo-yeu-cau/
SAMSUNG,Samsung Galaxy S,Galaxy S23 Plus,https://hatocase.com/in-op-lung-dien-thoai-samsung-galaxy-s23-plus-theo-yeu-cau/
SAMSUNG,Samsung Galaxy S,Galaxy S23,https://hatocase.com/in-op-lung-dien-thoai-samsung-galaxy-s23-theo-yeu-cau/
SAMSUNG,Samsung Galaxy S,Galaxy S22 Ultra,https://hatocase.com/in-op-lung-dien-thoai-samsung-galaxy-s22-ultra-theo-yeu-cau/
SAMSUNG,Samsung Galaxy S,Galaxy S22 Plus,https://hatocase.com/in-op-lung-dien-thoai-samsung-galaxy-s22-plus-theo-yeu-cau/
SAMSUNG,Samsung Galaxy S,Galaxy S22,https://hatocase.com/in-op-lung-dien-thoai-samsung-galaxy-s22-theo-yeu-cau/
SAMSUNG,Samsung Galaxy S,Galaxy S21 Ultra,https://hatocase.com/in-op-lung-dien-thoai-samsung-galaxy-s21-ultra-theo-yeu-cau/
SAMSUNG,Samsung Galaxy S,Galaxy S21 Plus,https://hatocase.com/in-op-lung-dien-thoai-samsung-galaxy-s21-plus-theo-yeu-cau/
SAMSUNG,Samsung Galaxy S,Galaxy S21 FE,https://hatocase.com/in-op-lung-dien-thoai-samsung-galaxy-s21-fe-theo-yeu-cau/
SAMSUNG,Samsung Galaxy S,Galaxy S21,https://hatocase.com/in-op-lung-dien-thoai-samsung-galaxy-s21-theo-yeu-cau/
SAMSUNG,Samsung Galaxy S,Galaxy S20 Ultra,https://hatocase.com/in-op-lung-dien-thoai-samsung-galaxy-s20-ultra/
SAMSUNG,Samsung Galaxy S,Galaxy S20 Plus,https://hatocase.com/in-op-lung-dien-thoai-samsung-galaxy-s20-plus/
SAMSUNG,Samsung Galaxy S,Galaxy S20 FE,https://hatocase.com/in-op-lung-dien-thoai-samsung-galaxy-s20-fe-theo-yeu-cau/
SAMSUNG,Samsung Galaxy S,Galaxy S20,https://hatocase.com/in-op-lung-dien-thoai-samsung-galaxy-s20/
SAMSUNG,Samsung Galaxy S,Galaxy S10 5G,https://hatocase.com/in-op-lung-samsung-s10-5g/
SAMSUNG,Samsung Galaxy S,Galaxy S10 Plus,https://hatocase.com/in-op-lung-samsung-galaxy-s10-plus/
SAMSUNG,Samsung Galaxy S,Galaxy S10 Lite,https://hatocase.com/in-op-lung-dien-thoai-samsung-galaxy-s10-lite/
SAMSUNG,Samsung Galaxy S,Galaxy S10,https://hatocase.com/in-op-lung-samsung-galaxy-s10/
SAMSUNG,Samsung Galaxy S,Galaxy S10E,https://hatocase.com/in-op-lung-samsung-galaxy-s10e/
SAMSUNG,Samsung Galaxy S,Galaxy S9 Plus,https://hatocase.com/in-op-lung-samsung-galaxy-s9-plus/
SAMSUNG,Samsung Galaxy S,Galaxy S9,https://hatocase.com/in-op-lung-samsung-galaxy-s9/
SAMSUNG,Samsung Galaxy S,Galaxy S8 Plus,https://hatocase.com/in-op-lung-samsung-galaxy-s8-plus/
SAMSUNG,Samsung Galaxy S,Galaxy S8,https://hatocase.com/in-op-lung-samsung-galaxy-s8/
SAMSUNG,Samsung Galaxy S,Galaxy S7 Edge,https://hatocase.com/in-op-lung-samsung-galaxy-s7-edge/
SAMSUNG,Samsung Galaxy S,Galaxy S7,https://hatocase.com/in-op-lung-samsung-galaxy-s7/
SAMSUNG,Samsung Galaxy S,Galaxy S6 Edge Plus,https://hatocase.com/in-op-lung-samsung-galaxy-s6-edge-plus/
SAMSUNG,Samsung Galaxy S,Galaxy S6 Edge,https://hatocase.com/in-op-lung-samsung-galaxy-s6-edge/
SAMSUNG,Samsung Galaxy S,Galaxy S6,https://hatocase.com/in-op-lung-samsung-galaxy-s6/
SAMSUNG,Samsung Galaxy S,Galaxy S5,https://hatocase.com/in-op-lung-samsung-galaxy-s5/
SAMSUNG,Samsung Galaxy S,Galaxy S4,https://hatocase.com/in-op-lung-dien-thoai-samsung-s4-theo-yeu-cau/
SAMSUNG,Samsung Galaxy S,Galaxy S3,https://hatocase.com/in-op-lung-samsung-galaxy-s3/
SAMSUNG,Samsung Galaxy A,Galaxy A80,https://hatocase.com/in-op-lung-samsung-galaxy-a80/
SAMSUNG,Samsung Galaxy A,Galaxy A73 5G,https://hatocase.com/in-op-lung-dien-thoai-samsung-galaxy-a73-5g-theo-yeu-cau/
SAMSUNG,Samsung Galaxy A,Galaxy A72,https://hatocase.com/in-op-lung-dien-thoai-samsung-galaxy-a72-theo-yeu-cau/
SAMSUNG,Samsung Galaxy A,Galaxy A71,https://hatocase.com/in-op-lung-dien-thoai-samsung-galaxy-a71/
SAMSUNG,Samsung Galaxy A,Galaxy A70,https://hatocase.com/in-op-lung-samsung-galaxy-a70/
SAMSUNG,Samsung Galaxy A,Galaxy A55 5G,https://hatocase.com/op-lung-dien-thoai-samsung-galaxy-a55-5g-theo-yeu-cau/
SAMSUNG,Samsung Galaxy A,Galaxy A54 5G,https://hatocase.com/in-op-lung-dien-thoai-samsung-galaxy-a54-5g-theo-yeu-cau/
SAMSUNG,Samsung Galaxy A,Galaxy A53 5G,https://hatocase.com/in-op-lung-dien-thoai-samsung-galaxy-a53-5g-theo-yeu-cau/
SAMSUNG,Samsung Galaxy A,Galaxy A52S,https://hatocase.com/in-op-lung-dien-thoai-samsung-galaxy-a52s-theo-yeu-cau/
SAMSUNG,Samsung Galaxy A,Galaxy A52,https://hatocase.com/in-op-lung-dien-thoai-samsung-galaxy-a52-theo-yeu-cau/
SAMSUNG,Samsung Galaxy A,Galaxy A51,https://hatocase.com/in-op-lung-dien-thoai-samsung-galaxy-a51/
SAMSUNG,Samsung Galaxy A,Galaxy A51,https://hatocase.com/in-op-lung-dien-thoai-samsung-galaxy-a51/
SAMSUNG,Samsung Galaxy A,Galaxy A50s,https://hatocase.com/in-op-lung-samsung-galaxy-a50s/
SAMSUNG,Samsung Galaxy A,Galaxy A50,https://hatocase.com/in-op-lung-dien-thoai-samsung-galaxy-a50/
SAMSUNG,Samsung Galaxy A,Galaxy A35 5G,https://hatocase.com/op-lung-dien-thoai-samsung-galaxy-a35-5g-theo-yeu-cau/
SAMSUNG,Samsung Galaxy A,Galaxy A34 5G,https://hatocase.com/in-op-lung-dien-thoai-samsung-galaxy-a34-5g-theo-yeu-cau/
SAMSUNG,Samsung Galaxy A,Galaxy A33 5G,https://hatocase.com/in-op-lung-dien-thoai-samsung-galaxy-a33-5g-theo-yeu-cau/
SAMSUNG,Samsung Galaxy A,Galaxy A32 5G,https://hatocase.com/in-op-lung-dien-thoai-samsung-galaxy-a32-5g-theo-yeu-cau/
SAMSUNG,Samsung Galaxy A,Galaxy A32 4G,https://hatocase.com/in-op-lung-dien-thoai-samsung-galaxy-a32-4g-theo-yeu-cau/
SAMSUNG,Samsung Galaxy A,Galaxy A31,https://hatocase.com/in-op-lung-dien-thoai-samsung-galaxy-a31-theo-yeu-cau/
SAMSUNG,Samsung Galaxy A,Galaxy A30s,https://hatocase.com/in-op-lung-dien-thoai-samsung-a30s-theo-yeu-cau/
SAMSUNG,Samsung Galaxy A,Galaxy A30,https://hatocase.com/in-op-lung-samsung-galaxy-a30/
SAMSUNG,Samsung Galaxy A,Galaxy A25 5G,https://hatocase.com/op-lung-dien-thoai-samsung-galaxy-a25-5g-theo-yeu-cau/
SAMSUNG,Samsung Galaxy A,Galaxy A24,https://hatocase.com/in-op-lung-dien-thoai-samsung-galaxy-a24-theo-yeu-cau/
SAMSUNG,Samsung Galaxy A,Galaxy A23 4G,https://hatocase.com/in-op-lung-dien-thoai-samsung-galaxy-a23-4g-theo-yeu-cau/
SAMSUNG,Samsung Galaxy A,Galaxy A22 5G,https://hatocase.com/in-op-lung-dien-thoai-samsung-galaxy-a22-5g-theo-yeu-cau/
SAMSUNG,Samsung Galaxy A,Galaxy A22 4G,https://hatocase.com/in-op-lung-dien-thoai-samsung-galaxy-a22-4g-theo-yeu-cau/
SAMSUNG,Samsung Galaxy A,Galaxy A21s,https://hatocase.com/in-op-lung-dien-thoai-samsung-galaxy-a21s-theo-yeu-cau/
SAMSUNG,Samsung Galaxy A,Galaxy A20s,https://hatocase.com/in-op-lung-samsung-a20s/
SAMSUNG,Samsung Galaxy A,Galaxy A20,https://hatocase.com/in-op-lung-samsung-galaxy-a20/
SAMSUNG,Samsung Galaxy A,Galaxy A15 5G,https://hatocase.com/op-lung-dien-thoai-samsung-galaxy-a15-5g-theo-yeu-cau/
SAMSUNG,Samsung Galaxy A,Galaxy A14 5G,https://hatocase.com/in-op-lung-dien-thoai-samsung-galaxy-a14-5g-theo-yeu-cau/
SAMSUNG,Samsung Galaxy A,Galaxy A13 4G,https://hatocase.com/in-op-lung-dien-thoai-samsung-galaxy-a13-4g-theo-yeu-cau/
SAMSUNG,Samsung Galaxy A,Galaxy A12,https://hatocase.com/in-op-lung-dien-thoai-samsung-a12-theo-yeu-cau/
SAMSUNG,Samsung Galaxy A,Galaxy A11,https://hatocase.com/in-op-lung-dien-thoai-samsung-galaxy-a11-theo-yeu-cau/
SAMSUNG,Samsung Galaxy A,Galaxy A10s,https://hatocase.com/in-op-lung-samsung-galaxy-a10s/
SAMSUNG,Samsung Galaxy A,Galaxy A10,https://hatocase.com/in-op-lung-samsung-galaxy-a10/
SAMSUNG,Samsung Galaxy A,Galaxy A9 2018,https://hatocase.com/in-op-lung-samsung-galaxy-a9-2018/
SAMSUNG,Samsung Galaxy A,Galaxy A9 Pro,https://hatocase.com/in-op-lung-samsung-galaxy-a9-pro/
SAMSUNG,Samsung Galaxy A,Galaxy A9,https://hatocase.com/in-op-lung-samsung-galaxy-a9/
SAMSUNG,Samsung Galaxy A,Galaxy A8 Star,https://hatocase.com/in-op-lung-samsung-galaxy-a8-star/
SAMSUNG,Samsung Galaxy A,Galaxy A8 Plus (2018),https://hatocase.com/in-op-lung-samsung-galaxy-a8-plus-2018/
SAMSUNG,Samsung Galaxy A,Galaxy A8 (2018),https://hatocase.com/in-op-lung-samsung-galaxy-a8-2018/
SAMSUNG,Samsung Galaxy A,Galaxy A8 (2016),https://hatocase.com/in-op-lung-samsung-galaxy-a8-2016/
SAMSUNG,Samsung Galaxy A,Galaxy A8 (2015),https://hatocase.com/in-op-lung-samsung-galaxy-a8-2015/
SAMSUNG,Samsung Galaxy A,Galaxy A7 (2018),https://hatocase.com/in-op-lung-samsung-galaxy-a7-2018/
SAMSUNG,Samsung Galaxy A,Galaxy A7 (2017),https://hatocase.com/in-op-lung-samsung-galaxy-a7-2017/
SAMSUNG,Samsung Galaxy A,Galaxy A7 (2016),https://hatocase.com/in-op-lung-samsung-galaxy-a7-2016/
SAMSUNG,Samsung Galaxy A,Galaxy A7 (2015),https://hatocase.com/in-op-lung-samsung-galaxy-a7-2015/
SAMSUNG,Samsung Galaxy A,Galaxy A6 Plus (2018),https://hatocase.com/in-op-lung-samsung-galaxy-a6-plus-2018/
SAMSUNG,Samsung Galaxy A,Galaxy A6 (2018),https://hatocase.com/in-op-lung-samsung-galaxy-a6-2018/
SAMSUNG,Samsung Galaxy A,Galaxy A5 (2017),https://hatocase.com/in-op-lung-samsung-galaxy-a5-2017/
SAMSUNG,Samsung Galaxy A,Galaxy A5 (2016),https://hatocase.com/in-op-lung-samsung-galaxy-a5-2016/
SAMSUNG,Samsung Galaxy A,Galaxy A5 (2015),https://hatocase.com/in-op-lung-samsung-galaxy-a5-2015/
SAMSUNG,Samsung Galaxy A,Galaxy A3 (2017),https://hatocase.com/in-op-lung-samsung-galaxy-a3-2017/
SAMSUNG,Samsung Galaxy A,Galaxy A3 (2016),https://hatocase.com/in-op-lung-samsung-galaxy-a3-2016/
SAMSUNG,Samsung Galaxy A,Galaxy A3 (2015),https://hatocase.com/in-op-lung-samsung-galaxy-a3-2015/
SAMSUNG,Samsung Galaxy A,Galaxy A05S,https://hatocase.com/op-lung-dien-thoai-samsung-galaxy-a05s-theo-yeu-cau/
SAMSUNG,Samsung Galaxy A,Galaxy A05,https://hatocase.com/op-lung-dien-thoai-samsung-galaxy-a05-theo-yeu-cau/
SAMSUNG,Samsung Galaxy A,Galaxy A04S,https://hatocase.com/in-op-lung-dien-thoai-samsung-galaxy-a04s-theo-yeu-cau/
SAMSUNG,Samsung Galaxy A,Galaxy A04,https://hatocase.com/in-op-lung-dien-thoai-samsung-galaxy-a04-theo-yeu-cau/
SAMSUNG,Samsung Galaxy A,Galaxy A03S,https://hatocase.com/in-op-lung-dien-thoai-samsung-galaxy-a03s-theo-yeu-cau/
SAMSUNG,Samsung Galaxy A,Galaxy A03,https://hatocase.com/in-op-lung-dien-thoai-samsung-galaxy-a03-theo-yeu-cau/
SAMSUNG,Samsung Galaxy A,Galaxy A02,https://hatocase.com/in-op-lung-dien-thoai-samsung-galaxy-a02-theo-yeu-cau/
SAMSUNG,Samsung Galaxy A,Galaxy A01,https://hatocase.com/in-op-lung-dien-thoai-samsung-galaxy-a01-theo-yeu-cau/
SAMSUNG,Samsung Galaxy J,Galaxy J1 (2016),https://hatocase.com/in-op-lung-samsung-galaxy-j1-2016/
SAMSUNG,Samsung Galaxy J,Galaxy J2 (2016),https://hatocase.com/in-op-lung-samsung-j2-2016/
SAMSUNG,Samsung Galaxy J,Galaxy J2 Core,https://hatocase.com/samsung-galaxy-j2-core/
SAMSUNG,Samsung Galaxy J,Galaxy J2 Prime,https://hatocase.com/in-op-lung-samsung-j2-prime/
SAMSUNG,Samsung Galaxy J,Galaxy J2 Pro,https://hatocase.com/in-op-lung-samsung-galaxy-j2-pro/
SAMSUNG,Samsung Galaxy J,Galaxy J3 (2015),https://hatocase.com/in-op-lung-samsung-galaxy-j3-2015/
SAMSUNG,Samsung Galaxy J,Galaxy J3 (2016),https://hatocase.com/in-op-lung-samsung-galaxy-j3-2016/
SAMSUNG,Samsung Galaxy J,Galaxy J3 (2017),https://hatocase.com/in-op-lung-samsung-galaxy-j3-2017/
SAMSUNG,Samsung Galaxy J,Galaxy J3 Pro,https://hatocase.com/in-op-lung-samsung-galaxy-j3-pro/
SAMSUNG,Samsung Galaxy J,Galaxy J4,https://hatocase.com/in-op-lung-samsung-galaxy-j4/
SAMSUNG,Samsung Galaxy J,Galaxy J4 Plus,https://hatocase.com/in-op-lung-samsung-galaxy-j4-plus/
SAMSUNG,Samsung Galaxy J,Galaxy J5 (2015),https://hatocase.com/in-op-lung-samsung-galaxy-j5-2015/
SAMSUNG,Samsung Galaxy J,Galaxy J5 (2016),https://hatocase.com/in-op-lung-samsung-galaxy-j5-2016/
SAMSUNG,Samsung Galaxy J,Galaxy J5 Prime,https://hatocase.com/in-op-lung-samsung-galaxy-j5-prime/
SAMSUNG,Samsung Galaxy J,Galaxy J6 (2018),https://hatocase.com/in-op-lung-samsung-galaxy-j6-2018/
SAMSUNG,Samsung Galaxy J,Galaxy J6 Plus,https://hatocase.com/in-op-lung-samsung-galaxy-j6-plus/
SAMSUNG,Samsung Galaxy J,Galaxy J7 (2015),https://hatocase.com/in-op-lung-samsung-galaxy-j7-2015/
SAMSUNG,Samsung Galaxy J,Galaxy J7 (2016),https://hatocase.com/in-op-lung-samsung-galaxy-j7-2016/
SAMSUNG,Samsung Galaxy J,Galaxy J7 (2017),https://hatocase.com/in-op-lung-samsung-galaxy-j7-2017/
SAMSUNG,Samsung Galaxy J,Galaxy J7 plus,https://hatocase.com/in-op-lung-samsung-galaxy-j7-plus/
SAMSUNG,Samsung Galaxy J,Galaxy J7 Prime,https://hatocase.com/in-op-lung-samsung-galaxy-j7-prime/
SAMSUNG,Samsung Galaxy J,Galaxy J7 pro,https://hatocase.com/in-op-lung-samsung-galaxy-j7-pro/
SAMSUNG,Samsung Galaxy J,Galaxy J8,https://hatocase.com/in-op-lung-samsung-galaxy-j8/
SAMSUNG,Samsung Note,Note 20 Ultra,https://hatocase.com/in-op-lung-dien-thoai-samsung-note-20-ultra-theo-yeu-cau/
SAMSUNG,Samsung Note,Note 20,https://hatocase.com/in-op-lung-dien-thoai-samsung-note-20-theo-yeu-cau/
SAMSUNG,Samsung Note,Note 10 Plus,https://hatocase.com/in-op-lung-samsung-note-10-plus/
SAMSUNG,Samsung Note,Note 10 Lite,https://hatocase.com/in-op-lung-dien-thoai-samsung-note-10-lite/
SAMSUNG,Samsung Note,Note 10,https://hatocase.com/in-op-lung-samsung-note-10/
SAMSUNG,Samsung Note,Note 9,https://hatocase.com/in-op-lung-samsung-note-9/
SAMSUNG,Samsung Note,Note 8,https://hatocase.com/in-op-lung-samsung-note-8/
SAMSUNG,Samsung Note,Note 7/ Note FE,https://hatocase.com/in-op-lung-samsung-note-fe/
SAMSUNG,Samsung Note,Note 5,https://hatocase.com/in-op-lung-dien-samsung-note-5-theo-yeu-cau/
SAMSUNG,Samsung Note,Note 4,https://hatocase.com/in-op-lung-samsung-galaxy-note-4/
SAMSUNG,Samsung Note,Note 3,https://hatocase.com/in-op-lung-samsung-note-3/
SAMSUNG,Điện thoại Samsung khác,Galaxy Core Prime,https://hatocase.com/in-op-lung-samsung-galaxy-core-prime/
SAMSUNG,Điện thoại Samsung khác,Galaxy Grand Prime,https://hatocase.com/in-op-lung-samsung-galaxy-grand-prime/
SAMSUNG,Điện thoại Samsung khác,Galaxy C9 Pro,https://hatocase.com/in-op-lung-samsung-galaxy-c9-pro/
SAMSUNG,Điện thoại Samsung khác,Galaxy M02,https://hatocase.com/in-op-lung-dien-thoai-samsung-galaxy-m02-theo-yeu-cau/
SAMSUNG,Điện thoại Samsung khác,Galaxy M10,https://hatocase.com/in-op-lung-samsung-m10/
SAMSUNG,Điện thoại Samsung khác,Galaxy M11,https://hatocase.com/in-op-lung-dien-thoai-samsung-galaxy-m11-theo-yeu-cau/
SAMSUNG,Điện thoại Samsung khác,Galaxy M12,https://hatocase.com/in-op-lung-dien-thoai-samsung-galaxy-m12-theo-yeu-cau/
SAMSUNG,Điện thoại Samsung khác,Galaxy M14,https://hatocase.com/in-op-lung-dien-thoai-samsung-galaxy-m14-theo-yeu-cau/
SAMSUNG,Điện thoại Samsung khác,Galaxy M20,https://hatocase.com/in-op-lung-samsung-galaxy-m20/
SAMSUNG,Điện thoại Samsung khác,Galaxy M21,https://hatocase.com/in-op-lung-dien-thoai-samsung-galaxy-m21-theo-yeu-cau/
SAMSUNG,Điện thoại Samsung khác,Galaxy M22,https://hatocase.com/in-op-lung-dien-thoai-samsung-galaxy-m22-theo-yeu-cau/
SAMSUNG,Điện thoại Samsung khác,Galaxy M31,https://hatocase.com/in-op-lung-dien-thoai-samsung-m31-theo-yeu-cau/
SAMSUNG,Điện thoại Samsung khác,Galaxy M32,https://hatocase.com/in-op-lung-dien-thoai-samsung-galaxy-m32-theo-yeu-cau/
SAMSUNG,Điện thoại Samsung khác,Galaxy M33,https://hatocase.com/in-op-lung-dien-thoai-samsung-galaxy-m33-theo-yeu-cau/
SAMSUNG,Điện thoại Samsung khác,Galaxy M34,https://hatocase.com/op-lung-dien-thoai-samsung-galaxy-m34-theo-yeu-cau/
SAMSUNG,Điện thoại Samsung khác,Galaxy M51,https://hatocase.com/in-op-lung-dien-thoai-samsung-galaxy-m51-theo-yeu-cau/
SAMSUNG,Điện thoại Samsung khác,Galaxy M52,https://hatocase.com/in-op-lung-dien-thoai-samsung-galaxy-m52-theo-yeu-cau/
SAMSUNG,Điện thoại Samsung khác,Galaxy M53,https://hatocase.com/in-op-lung-dien-thoai-samsung-galaxy-m53-theo-yeu-cau/
SAMSUNG,Điện thoại Samsung khác,Galaxy M54,https://hatocase.com/op-lung-dien-thoai-samsung-galaxy-m54-theo-yeu-cau/
SAMSUNG,Điện thoại Samsung khác,Galaxy M62,https://hatocase.com/in-op-lung-dien-thoai-samsung-galaxy-m62-theo-yeu-cau/
SAMSUNG,Điện thoại Samsung khác,Galaxy Z Flip 3,https://hatocase.com/in-op-lung-dien-thoai-samsung-galaxy-z-flip-3-theo-yeu-cau/
SAMSUNG,Điện thoại Samsung khác,Galaxy Z Flip 4,https://hatocase.com/in-op-lung-dien-thoai-samsung-galaxy-z-flip-4-theo-yeu-cau/
SAMSUNG,Điện thoại Samsung khác,Galaxy Z Flip 5,https://hatocase.com/op-lung-dien-thoai-samsung-galaxy-z-flip-5-theo-yeu-cau/
SAMSUNG,Điện thoại Samsung khác,Galaxy Z Fold 3,https://hatocase.com/in-op-lung-dien-thoai-samsung-galaxy-z-fold-3-theo-yeu-cau/
SAMSUNG,Điện thoại Samsung khác,Galaxy Z Fold 4,https://hatocase.com/in-op-lung-dien-thoai-samsung-galaxy-z-fold-4-theo-yeu-cau/
SAMSUNG,Điện thoại Samsung khác,Galaxy Z Fold 5,https://hatocase.com/op-lung-dien-thoai-samsung-galaxy-z-fold-5-theo-yeu-cau/
OPPO,Dòng điện thoại Oppo A,Oppo A1k,https://hatocase.com/in-op-lung-oppo-a1k/
OPPO,Dòng điện thoại Oppo A,Oppo A3S,https://hatocase.com/in-op-lung-oppo-a3s/
OPPO,Dòng điện thoại Oppo A,Oppo A5s,https://hatocase.com/in-op-lung-oppo-a5s/
OPPO,Dòng điện thoại Oppo A,Oppo A5 2020,https://hatocase.com/in-op-lung-oppo-a5-2020/
OPPO,Dòng điện thoại Oppo A,Oppo A7,https://hatocase.com/in-op-lung-oppo-a7-2018/
OPPO,Dòng điện thoại Oppo A,Oppo A9 2020,https://hatocase.com/in-op-lung-oppo-a9-2020/
OPPO,Dòng điện thoại Oppo A,Oppo A11,https://hatocase.com/in-op-lung-oppo-a11/
OPPO,Dòng điện thoại Oppo A,Oppo A12,https://hatocase.com/in-op-lung-dien-thoai-oppo-a12-theo-yeu-cau/
OPPO,Dòng điện thoại Oppo A,Oppo A12e,https://hatocase.com/in-op-lung-dien-thoai-oppo-a12e-theo-yeu-cau/
OPPO,Dòng điện thoại Oppo A,Oppo A15,https://hatocase.com/in-op-lung-dien-thoai-oppo-a15-theo-yeu-cau/
OPPO,Dòng điện thoại Oppo A,Oppo A15s,https://hatocase.com/in-op-lung-dien-thoai-oppo-a15s-theo-yeu-cau/
OPPO,Dòng điện thoại Oppo A,Oppo A16,https://hatocase.com/in-op-lung-dien-thoai-oppo-a16-theo-yeu-cau/
OPPO,Dòng điện thoại Oppo A,OPPO A16K,https://hatocase.com/in-op-lung-dien-thoai-oppo-a16k-theo-yeu-cau/
OPPO,Dòng điện thoại Oppo A,Oppo A17,https://hatocase.com/in-op-lung-dien-thoai-oppo-a17-theo-yeu-cau/
OPPO,Dòng điện thoại Oppo A,Oppo A17K,https://hatocase.com/in-op-lung-dien-thoai-oppo-a17k-theo-yeu-cau/
OPPO,Dòng điện thoại Oppo A,Oppo A18,https://hatocase.com/op-lung-dien-thoai-oppo-a18-theo-yeu-cau/
OPPO,Dòng điện thoại Oppo A,Oppo A31,https://hatocase.com/in-op-lung-dien-thoai-oppo-a31/
OPPO,Dòng điện thoại Oppo A,Oppo A33,https://hatocase.com/in-op-lung-oppo-neo-7/
OPPO,Dòng điện thoại Oppo A,Oppo A35,https://hatocase.com/in-op-lung-oppo-f1/
OPPO,Dòng điện thoại Oppo A,Oppo A37,https://hatocase.com/in-op-lung-oppo-a37/
OPPO,Dòng điện thoại Oppo A,Oppo A38,https://hatocase.com/op-lung-dien-thoai-oppo-a38-theo-yeu-cau/
OPPO,Dòng điện thoại Oppo A,Oppo A39,https://hatocase.com/in-op-lung-oppo-a39/
OPPO,Dòng điện thoại Oppo A,Oppo A51,https://hatocase.com/in-op-lung-oppo-mirror-5/
OPPO,Dòng điện thoại Oppo A,Oppo A52,https://hatocase.com/in-op-lung-dien-thoai-oppo-a52-theo-yeu-cau/
OPPO,Dòng điện thoại Oppo A,Oppo A53,https://hatocase.com/in-op-lung-dien-thoai-oppo-a53-theo-yeu-cau/
OPPO,Dòng điện thoại Oppo A,Oppo A54,https://hatocase.com/in-op-lung-dien-thoai-oppo-a54-theo-yeu-cau/
OPPO,Dòng điện thoại Oppo A,Oppo A55,https://hatocase.com/in-op-lung-dien-thoai-oppo-a55-theo-yeu-cau/
OPPO,Dòng điện thoại Oppo A,Oppo A57,https://hatocase.com/in-op-lung-oppo-f3-lite/
OPPO,Dòng điện thoại Oppo A,Oppo A58,https://hatocase.com/in-op-lung-dien-thoai-oppo-a58-theo-yeu-cau/
OPPO,Dòng điện thoại Oppo A,Oppo A57 2022,https://hatocase.com/in-op-lung-dien-thoai-oppo-a57-2022-theo-yeu-cau/
OPPO,Dòng điện thoại Oppo A,Oppo A59,https://hatocase.com/in-op-lung-oppo-f1s/
OPPO,Dòng điện thoại Oppo A,Oppo A71,https://hatocase.com/in-op-lung-oppo-a71/
OPPO,Dòng điện thoại Oppo A,Oppo A73,https://hatocase.com/in-op-lung-dien-thoai-oppo-a73-theo-yeu-cau/
OPPO,Dòng điện thoại Oppo A,Oppo A74,https://hatocase.com/in-op-lung-dien-thoai-oppo-a74-theo-yeu-cau/
OPPO,Dòng điện thoại Oppo A,Oppo A76,https://hatocase.com/in-op-lung-dien-thoai-oppo-a76-theo-yeu-cau/
OPPO,Dòng điện thoại Oppo A,Oppo A77,https://hatocase.com/in-op-lung-oppo-f3/
OPPO,Dòng điện thoại Oppo A,Oppo A77S,https://hatocase.com/in-op-lung-dien-thoai-oppo-a77s-theo-yeu-cau/
OPPO,Dòng điện thoại Oppo A,Oppo A78 4G,https://hatocase.com/op-lung-dien-thoai-oppo-a78-4g-theo-yeu-cau/
OPPO,Dòng điện thoại Oppo A,Oppo A78 5G,https://hatocase.com/in-op-lung-dien-thoai-oppo-a78-5g-theo-yeu-cau/
OPPO,Dòng điện thoại Oppo A,Oppo A79 5G,https://hatocase.com/op-lung-dien-thoai-oppo-a79-5g-theo-yeu-cau/
OPPO,Dòng điện thoại Oppo A,Oppo A83,https://hatocase.com/in-op-lung-oppo-a83/
OPPO,Dòng điện thoại Oppo A,Oppo A91,https://hatocase.com/in-op-lung-dien-thoai-oppo-a91/
OPPO,Dòng điện thoại Oppo A,Oppo A92,https://hatocase.com/in-op-lung-dien-thoai-oppo-a92-theo-yeu-cau/
OPPO,Dòng điện thoại Oppo A,Oppo A92S,https://hatocase.com/in-op-lung-dien-thoai-oppo-a92s-theo-yeu-cau/
OPPO,Dòng điện thoại Oppo A,Oppo A93,https://hatocase.com/in-op-lung-dien-thoai-oppo-a93-theo-yeu-cau/
OPPO,Dòng điện thoại Oppo A,Oppo A94 4G,https://hatocase.com/in-op-lung-dien-thoai-oppo-a94-4g-theo-yeu-cau/
OPPO,Dòng điện thoại Oppo A,Oppo A94 5G,https://hatocase.com/op-lung-dien-thoai-oppo-a94-5g-theo-yeu-cau/
OPPO,Dòng điện thoại Oppo A,Oppo A95,https://hatocase.com/in-op-lung-dien-thoai-oppo-a95-theo-yeu-cau/
OPPO,Dòng điện thoại Oppo A,Oppo A96 4G,https://hatocase.com/in-op-lung-dien-thoai-oppo-a96-4g-theo-yeu/
OPPO,Dòng điện thoại Oppo A,Oppo A96 5G,https://hatocase.com/in-op-lung-dien-thoai-oppo-a96-5g-theo-yeu/
OPPO,Dòng điện thoại Oppo A,Oppo A98 5G,https://hatocase.com/op-lung-dien-thoai-oppo-a98-5g-theo-yeu-cau/
OPPO,Dòng điện thoại Oppo F,Oppo F1,https://hatocase.com/in-op-lung-oppo-f1/
OPPO,Dòng điện thoại Oppo F,Oppo F1 Plus,https://hatocase.com/in-op-lung-oppo-f1-plus/
OPPO,Dòng điện thoại Oppo F,Oppo F1s,https://hatocase.com/in-op-lung-oppo-f1s/
OPPO,Dòng điện thoại Oppo F,Oppo F3,https://hatocase.com/in-op-lung-oppo-f3/
OPPO,Dòng điện thoại Oppo F,Oppo F3 Lite,https://hatocase.com/in-op-lung-oppo-f3-lite/
OPPO,Dòng điện thoại Oppo F,Oppo F3 Plus,https://hatocase.com/in-op-lung-oppo-f3-plus/
OPPO,Dòng điện thoại Oppo F,Oppo F5,https://hatocase.com/in-op-lung-oppo-f5/
OPPO,Dòng điện thoại Oppo F,Oppo F5 Youth,https://hatocase.com/in-op-lung-oppo-f5-youth/
OPPO,Dòng điện thoại Oppo F,Oppo F7,https://hatocase.com/in-op-lung-oppo-f7/
OPPO,Dòng điện thoại Oppo F,Oppo F7 Youth,https://hatocase.com/in-op-lung-oppo-f7-youth/
OPPO,Dòng điện thoại Oppo F,Oppo F9,https://hatocase.com/in-op-lung-oppo-f9/
OPPO,Dòng điện thoại Oppo F,Oppo F11,https://hatocase.com/in-op-lung-oppo-f11/
OPPO,Dòng điện thoại Oppo F,Oppo F11 Pro,https://hatocase.com/in-op-lung-oppo-f11-pro/
OPPO,Dòng điện thoại Oppo R,Oppo R1s,https://hatocase.com/in-op-lung-oppo-r1s/
OPPO,Dòng điện thoại Oppo R,Oppo R5,https://hatocase.com/in-op-lung-oppo-r5/
OPPO,Dòng điện thoại Oppo R,Oppo R7,https://hatocase.com/in-op-lung-oppo-r7/
OPPO,Dòng điện thoại Oppo R,Oppo R7 Lite,https://hatocase.com/in-op-lung-oppo-r7-lite/
OPPO,Dòng điện thoại Oppo R,Oppo R7 Plus,https://hatocase.com/in-op-lung-oppo-r7-plus/
OPPO,Dòng điện thoại Oppo R,Oppo R7s,https://hatocase.com/in-op-lung-oppo-r7s/
OPPO,Dòng điện thoại Oppo R,Oppo R9,https://hatocase.com/in-op-lung-oppo-r9/
OPPO,Dòng điện thoại Oppo R,Oppo R9s Plus,https://hatocase.com/in-op-lung-oppo-r9s-plus/
OPPO,Dòng điện thoại Oppo R,Oppo R11,https://hatocase.com/in-op-lung-oppo-r11/
OPPO,Dòng điện thoại Oppo R,Oppo R11 Plus,https://hatocase.com/in-op-lung-oppo-r11-plus/
OPPO,Dòng Điện Thoại Oppo Reno,Oppo Reno 11 F 5G,https://hatocase.com/op-lung-dien-thoai-oppo-reno-11-f-5g-theo-yeu-cau/
OPPO,Dòng Điện Thoại Oppo Reno,Oppo Reno 11 Pro 5G,https://hatocase.com/op-lung-dien-thoai-oppo-reno-11-pro-5g-theo-yeu-cau/
OPPO,Dòng Điện Thoại Oppo Reno,Oppo Reno 11 5G,https://hatocase.com/op-lung-dien-thoai-oppo-reno-11-5g-theo-yeu-cau/
OPPO,Dòng Điện Thoại Oppo Reno,Reno 10 Pro Plus,https://hatocase.com/in-op-lung-dien-thoai-oppo-reno-10-pro-plus-theo-yeu-cau/
OPPO,Dòng Điện Thoại Oppo Reno,Reno 10 Pro 5G,https://hatocase.com/in-op-lung-dien-thoai-oppo-reno-10-pro-5g-theo-yeu-cau/
OPPO,Dòng Điện Thoại Oppo Reno,Reno 10 5G,https://hatocase.com/in-op-lung-dien-thoai-oppo-reno-10-5g-theo-yeu-cau/
OPPO,Dòng Điện Thoại Oppo Reno,Reno 9 Pro Plus,https://hatocase.com/in-op-lung-dien-thoai-oppo-reno-9-pro-plus-theo-yeu-cau/
OPPO,Dòng Điện Thoại Oppo Reno,Reno 9 Pro,https://hatocase.com/in-op-lung-dien-thoai-oppo-reno-9-pro-theo-yeu-cau/
OPPO,Dòng Điện Thoại Oppo Reno,Reno 9,https://hatocase.com/in-op-lung-dien-thoai-oppo-reno-9-theo-yeu-cau/
OPPO,Dòng Điện Thoại Oppo Reno,Oppo Reno 8Z,https://hatocase.com/in-op-lung-dien-thoai-oppo-reno-8z-theo-yeu-cau/
OPPO,Dòng Điện Thoại Oppo Reno,Reno8 T 5G,https://hatocase.com/in-op-lung-dien-thoai-oppo-reno8-t-5g-theo-yeu-cau/
OPPO,Dòng Điện Thoại Oppo Reno,Oppo Reno 8 Pro Plus,https://hatocase.com/in-op-lung-dien-thoai-oppo-reno-8-pro-plus-theo-yeu-cau/
OPPO,Dòng Điện Thoại Oppo Reno,Oppo Reno 8 Pro,https://hatocase.com/in-op-lung-dien-thoai-oppo-reno-8-pro-theo-yeu-cau/
OPPO,Dòng Điện Thoại Oppo Reno,Oppo Reno 8 5G,https://hatocase.com/in-op-lung-dien-thoai-oppo-reno-8-5g-theo-yeu-cau/
OPPO,Dòng Điện Thoại Oppo Reno,Oppo Reno 8 4G,https://hatocase.com/in-op-lung-dien-thoai-oppo-reno-8-4g-theo-yeu-cau/
OPPO,Dòng Điện Thoại Oppo Reno,Oppo Reno 7Z,https://hatocase.com/in-op-lung-dien-thoai-oppo-reno-7z-theo-yeu-cau/
OPPO,Dòng Điện Thoại Oppo Reno,Oppo Reno 7 Pro,https://hatocase.com/in-op-lung-dien-thoai-oppo-reno-7-pro-theo-yeu-cau/
OPPO,Dòng Điện Thoại Oppo Reno,Oppo Reno 7,https://hatocase.com/in-op-lung-dien-thoai-oppo-reno-7-theo-yeu-cau/
OPPO,Dòng Điện Thoại Oppo Reno,Oppo Reno 7 4G,https://hatocase.com/in-op-lung-dien-thoai-oppo-reno-7-4g-theo-yeu-cau/
OPPO,Dòng Điện Thoại Oppo Reno,Oppo Reno 6Z,https://hatocase.com/in-op-lung-dien-thoai-oppo-reno-6z-theo-yeu-cau/
OPPO,Dòng Điện Thoại Oppo Reno,Oppo Reno 6 Pro,https://hatocase.com/in-op-lung-dien-thoai-oppo-reno-6-pro-theo-yeu-cau/
OPPO,Dòng Điện Thoại Oppo Reno,Oppo Reno 6,https://hatocase.com/in-op-lung-dien-thoai-oppo-reno-6-theo-yeu-cau/
OPPO,Dòng Điện Thoại Oppo Reno,Oppo Reno 5,https://hatocase.com/in-op-lung-dien-thoai-oppo-reno-5-theo-yeu-cau/
OPPO,Dòng Điện Thoại Oppo Reno,Oppo Reno 4,https://hatocase.com/in-op-lung-dien-thoai-oppo-reno-4-theo-yeu-cau/
OPPO,Dòng Điện Thoại Oppo Reno,Oppo Reno 4 Pro,https://hatocase.com/in-op-lung-dien-thoai-oppo-reno-4-pro-theo-yeu-cau/
OPPO,Dòng Điện Thoại Oppo Reno,Oppo Reno 3,https://hatocase.com/in-op-lung-dien-thoai-oppo-reno-3-theo-yeu-cau/
OPPO,Dòng Điện Thoại Oppo Reno,Oppo Reno 3 Pro,https://hatocase.com/in-op-lung-dien-thoai-oppo-reno-3-pro-theo-yeu-cau/
OPPO,Dòng Điện Thoại Oppo Reno,Oppo Reno 2F,https://hatocase.com/in-op-lung-oppo-reno-2f/
OPPO,Dòng Điện Thoại Oppo Reno,Oppo Reno 2,https://hatocase.com/in-op-lung-oppo-reno-2/
OPPO,Dòng Điện Thoại Oppo Reno,Oppo Reno,https://hatocase.com/in-op-lung-oppo-reno/
OPPO,Điện thoại Oppo Khác,Oppo Find N2 Flip 5G,https://hatocase.com/op-lung-dien-thoai-oppo-find-n2-flip-5g-theo-yeu-cau/
OPPO,Điện thoại Oppo Khác,Oppo Find 7,https://hatocase.com/in-op-lung-oppo-find-7/
OPPO,Điện thoại Oppo Khác,Oppo Find X2,https://hatocase.com/in-op-lung-dien-thoai-oppo-find-x2-theo-yeu-cau/
OPPO,Điện thoại Oppo Khác,Oppo Find X3 Pro 5G,https://hatocase.com/in-op-lung-dien-thoai-oppo-find-x3-pro-5g-theo-yeu-cau/
OPPO,Điện thoại Oppo Khác,Oppo Joy 3,https://hatocase.com/in-op-lung-oppo-joy-3/
OPPO,Điện thoại Oppo Khác,Oppo K3,https://hatocase.com/in-op-lung-oppo-k3/
OPPO,Điện thoại Oppo Khác,Oppo K5,https://hatocase.com/in-op-lung-oppo-k5/
OPPO,Điện thoại Oppo Khác,Oppo Mirro 5,https://hatocase.com/in-op-lung-oppo-mirror-5/
OPPO,Điện thoại Oppo Khác,Oppo Neo 5,https://hatocase.com/in-op-lung-oppo-neo-5/
OPPO,Điện thoại Oppo Khác,Oppo Neo 7,https://hatocase.com/in-op-lung-oppo-neo-7/
OPPO,Điện thoại Oppo Khác,Oppo Neo 9,https://hatocase.com/in-op-lung-oppo-a37/
OPPO,Điện thoại Oppo Khác,Oppo Neo 9s,https://hatocase.com/in-op-lung-oppo-a39/
REALME,None,Realme 2,https://hatocase.com/in-op-lung-oppo-realme-2/
REALME,None,Realme 2 Pro,https://hatocase.com/in-op-lung-realme-2-pro/
REALME,None,Realme 3,https://hatocase.com/in-op-lung-dien-thoai-oppo-realme-3-theo-yeu-cau/
REALME,None,Realme 3i,https://hatocase.com/in-op-lung-dien-thoai-oppo-realme-3-theo-yeu-cau/
REALME,None,Realme 3 Pro,https://hatocase.com/in-op-lung-oppo-realme-3-pro/
REALME,None,Realme 5/ Realme 5s,https://hatocase.com/in-op-lung-oppo-realme-5/
REALME,None,Realme 5i,https://hatocase.com/in-op-lung-dien-thoai-realme-5i-theo-yeu-cau/
REALME,None,Realme 5 Pro,https://hatocase.com/in-op-lung-realme-5-pro/
REALME,None,Realme 6,https://hatocase.com/in-op-lung-dien-thoai-realme-6-theo-yeu-cau/
REALME,None,Realme 6 Pro,https://hatocase.com/in-op-lung-dien-thoai-realme-6-pro-theo-yeu-cau/
REALME,None,Realme 6i,https://hatocase.com/in-op-lung-dien-thoai-realme-6i-theo-yeu-cau/
REALME,None,Realme 7,https://hatocase.com/in-op-lung-dien-thoai-realme-7-theo-yeu-cau/
REALME,None,Realme 7 Pro,https://hatocase.com/in-op-lung-dien-thoai-realme-7-pro-theo-yeu-cau/
REALME,None,Realme 8,https://hatocase.com/in-op-lung-dien-thoai-realme-8-theo-yeu-cau/
REALME,None,Realme 8 Pro,https://hatocase.com/in-op-lung-dien-thoai-realme-8-pro-theo-yeu-cau/
REALME,None,Realme 9 4G,https://hatocase.com/in-op-lung-dien-thoai-realme-9-4g-theo-yeu-cau/
REALME,None,Realme 9 Pro,https://hatocase.com/in-op-lung-dien-thoai-realme-9-pro-theo-yeu-cau/
REALME,None,Realme 10,https://hatocase.com/in-op-lung-dien-thoai-realme-10-theo-yeu-cau/
REALME,None,Realme 10T 5G,https://hatocase.com/op-lung-dien-thoai-realme-10t-5g-theo-yeu-cau/
REALME,None,Realme 10 Pro 5G,https://hatocase.com/in-op-lung-dien-thoai-realme-10-pro-5g-theo-yeu-cau/
REALME,None,Realme 11 4G,https://hatocase.com/op-lung-dien-thoai-realme-11-4g-theo-yeu-cau/
REALME,None,Realme C1,https://hatocase.com/in-op-lung-oppo-realme-c1/
REALME,None,Realme C2,https://hatocase.com/in-op-lung-oppo-realme-c2/
REALME,None,Realme C3,https://hatocase.com/in-op-lung-dien-thoai-realme-c3-theo-yeu-cau/
REALME,None,Realme C3i,https://hatocase.com/in-op-lung-dien-thoai-realme-c3i-theo-yeu-cau/
REALME,None,Realme C11,https://hatocase.com/in-op-lung-dien-thoai-realme-c11-theo-yeu-cau/
REALME,None,Realme C12,https://hatocase.com/in-op-lung-dien-thoai-realme-c12-theo-yeu-cau/
REALME,None,Realme C15,https://hatocase.com/in-op-lung-dien-thoai-realme-c15-theo-yeu-cau/
REALME,None,Realme C17,https://hatocase.com/in-op-lung-dien-thoai-realme-c17-theo-yeu-cau/
REALME,None,Realme C20,https://hatocase.com/in-op-lung-dien-thoai-realme-c20-theo-yeu-cau/
REALME,None,Realme C21Y,https://hatocase.com/in-op-lung-dien-thoai-realme-c21y-theo-yeu-cau/
REALME,None,Realme C25,https://hatocase.com/in-op-lung-dien-thoai-realme-c25-theo-yeu-cau/
REALME,None,Realme C33,https://hatocase.com/in-op-lung-dien-thoai-realme-c33-theo-yeu-cau/
REALME,None,Realme C35,https://hatocase.com/in-op-lung-dien-thoai-realme-c35-theo-yeu-cau/
REALME,None,Realme C53,https://hatocase.com/in-op-lung-dien-thoai-realme-c53-theo-yeu-cau/
REALME,None,Realme C55,https://hatocase.com/in-op-lung-dien-thoai-realme-c55-theo-yeu-cau/
REALME,None,Realme C67 4G,https://hatocase.com/op-lung-dien-thoai-realme-c67-4g-theo-yeu-cau/
REALME,None,Realme C67 5G,https://hatocase.com/op-lung-dien-thoai-realme-c67-5g-theo-yeu-cau/
REALME,None,Realme GT,https://hatocase.com/in-op-lung-dien-thoai-realme-gt-theo-yeu-cau/
REALME,None,Realme GT Neo 2,https://hatocase.com/in-op-lung-dien-thoai-realme-gt-neo-2-theo-yeu-cau/
REALME,None,Realme GT Neo 2T,https://hatocase.com/in-op-lung-dien-thoai-realme-gt-neo-2t-theo-yeu-cau/
REALME,None,Realme GT Neo 3,https://hatocase.com/in-op-lung-dien-thoai-realme-gt-neo-3-theo-yeu-cau/
REALME,None,Realme GT Neo 5 SE 5G,https://hatocase.com/op-lung-dien-thoai-realme-gt-neo-5-se-5g-theo-yeu-cau/
REALME,None,Realme Narzo 30A,https://hatocase.com/in-op-lung-dien-thoai-realme-narzo-30a-theo-yeu-cau/
REALME,None,Realme Q2,https://hatocase.com/in-op-lung-dien-thoai-realme-q2-theo-yeu-cau/
REALME,None,Realme Q3 Pro,https://hatocase.com/in-op-lung-dien-thoai-realme-q3-pro-theo-yeu-cau/
REALME,None,Realme Q5,https://hatocase.com/in-op-lung-dien-thoai-realme-q5-theo-yeu-cau/
REALME,None,Realme Q5 Pro,https://hatocase.com/in-op-lung-dien-thoai-realme-q5-pro-theo-yeu-cau/
REALME,None,Realme V15,https://hatocase.com/in-op-lung-dien-thoai-realme-v15-theo-yeu-cau/
REALME,None,Realme X,https://hatocase.com/in-op-lung-oppo-k3/
VIVO,Vivo V,Vivo V5/ V5s,https://hatocase.com/in-op-lung-vivo-v5-v5s-y67/
VIVO,Vivo V,Vivo V7,https://hatocase.com/in-op-lung-vivo-v7/
VIVO,Vivo V,Vivo V7 Plus,https://hatocase.com/in-op-lung-vivo-v7-plus/
VIVO,Vivo V,Vivo V9,https://hatocase.com/in-op-lung-vivo-v9/
VIVO,Vivo V,Vivo V11/ V11 Pro,https://hatocase.com/in-op-lung-vivo-v11/
VIVO,Vivo V,Vivo V11i,https://hatocase.com/in-op-lung-vivo-v11i/
VIVO,Vivo V,Vivo V15,https://hatocase.com/in-op-lung-vivo-v15/
VIVO,Vivo V,Vivo V15 Pro,https://hatocase.com/in-op-lung-vivo-v15-pro/
VIVO,Vivo V,Vivo V17,https://hatocase.com/in-op-lung-dien-thoai-vivo-s1-pro-va-vivo-v17/
VIVO,Vivo V,Vivo V17 Pro,https://hatocase.com/in-op-lung-vivo-v17-pro/
VIVO,Vivo V,Vivo V19,https://hatocase.com/in-op-lung-dien-thoai-vivo-v19-theo-yeu-cau/
VIVO,Vivo V,Vivo V20,https://hatocase.com/in-op-lung-dien-thoai-vivo-v20-theo-yeu-cau/
VIVO,Vivo V,Vivo V21 5G,https://hatocase.com/in-op-lung-dien-thoai-vivo-v21-5g-theo-yeu-cau/
VIVO,Vivo V,Vivo V23 5G,https://hatocase.com/in-op-lung-dien-thoai-vivo-v23-5g-theo-yeu-cau/
VIVO,Vivo V,Vivo V23E,https://hatocase.com/in-op-lung-dien-thoai-vivo-v23e-theo-yeu-cau/
VIVO,Vivo V,Vivo V25 5G,https://hatocase.com/in-op-lung-dien-thoai-vivo-v25-5g-theo-yeu-cau/
VIVO,Vivo V,Vivo V25 Pro,https://hatocase.com/in-op-lung-dien-thoai-vivo-v25-pro-theo-yeu-cau/
VIVO,Vivo V,Vivo V27 5G,https://hatocase.com/op-lung-dien-thoai-vivo-v27-5g-theo-yeu-cau/
VIVO,Vivo V,Vivo V27e,https://hatocase.com/in-op-lung-dien-thoai-vivo-v27e-theo-yeu-cau/
VIVO,Vivo V,Vivo V29 5G,https://hatocase.com/op-lung-dien-thoai-vivo-v29-5g-theo-yeu-cau/
VIVO,Vivo V,Vivo V29E,https://hatocase.com/op-lung-dien-thoai-vivo-v29e-theo-yeu-cau/
VIVO,Vivo V,Vivo V30 5G,https://hatocase.com/op-lung-dien-thoai-vivo-v30-5g-theo-yeu-cau/
VIVO,Vivo Y,Vivo Y02S,https://hatocase.com/in-op-lung-dien-thoai-vivo-y02s-theo-yeu-cau/
VIVO,Vivo Y,Vivo Y02T,https://hatocase.com/op-lung-dien-thoai-vivo-y02t-theo-yeu-cau/
VIVO,Vivo Y,Vivo Y1s,https://hatocase.com/in-op-lung-dien-thoai-vivo-y1s-theo-yeu-cau/
VIVO,Vivo Y,Vivo Y11,https://hatocase.com/in-op-lung-dien-thoai-vivo-y11/
VIVO,Vivo Y,Vivo Y12/ Y15/ Y17,https://hatocase.com/in-op-lung-vivo-y15/
VIVO,Vivo Y,Vivo Y12s,https://hatocase.com/in-op-lung-dien-thoai-vivo-y12s-theo-yeu-cau/
VIVO,Vivo Y,Vivo Y15A,https://hatocase.com/in-op-lung-dien-thoai-vivo-y15a-theo-yeu-cau/
VIVO,Vivo Y,Vivo Y15S,https://hatocase.com/in-op-lung-dien-thoai-vivo-y15s-theo-yeu-cau/
VIVO,Vivo Y,Vivo Y17s,https://hatocase.com/op-lung-dien-thoai-vivo-y17s-theo-yeu-cau/
VIVO,Vivo Y,Vivo Y19,https://hatocase.com/in-op-lung-dien-thoai-vivo-y19/
VIVO,Vivo Y,Vivo Y20,https://hatocase.com/in-op-lung-dien-thoai-vivo-y20-theo-yeu-cau/
VIVO,Vivo Y,Vivo Y20 SE,https://hatocase.com/in-op-lung-dien-thoai-vivo-y20-se-theo-yeu-cau/
VIVO,Vivo Y,Vivo Y21,https://hatocase.com/in-op-lung-dien-thoai-vivo-y21-theo-yeu-cau/
VIVO,Vivo Y,Vivo Y22S,https://hatocase.com/in-op-lung-dien-thoai-vivo-y22s-theo-yeu-cau/
VIVO,Vivo Y,Vivo Y30,https://hatocase.com/in-op-lung-dien-thoai-vivo-y30-theo-yeu-cau/
VIVO,Vivo Y,Vivo Y33S,https://hatocase.com/in-op-lung-dien-thoai-vivo-y33s-theo-yeu-cau/
VIVO,Vivo Y,Vivo Y35S,https://hatocase.com/in-op-lung-dien-thoai-vivo-y35s-theo-yeu-cau/
VIVO,Vivo Y,Vivo Y36,https://hatocase.com/op-lung-dien-thoai-vivo-y36-theo-yeu-cau/
VIVO,Vivo Y,Vivo Y50,https://hatocase.com/in-op-lung-dien-thoai-vivo-y50-theo-yeu-cau/
VIVO,Vivo Y,Vivo Y51 2020,https://hatocase.com/in-op-lung-dien-thoai-vivo-y51-theo-yeu-cau/
VIVO,Vivo Y,Vivo Y53,https://hatocase.com/in-op-lung-vivo-y53/
VIVO,Vivo Y,Vivo Y53S,https://hatocase.com/in-op-lung-dien-thoai-vivo-y53s-theo-yeu-cau/
VIVO,Vivo Y,Vivo Y55/ Y55S,https://hatocase.com/in-op-lung-y55-y55s-y55a/
VIVO,Vivo Y,Vivo Y55 2022,https://hatocase.com/in-op-lung-dien-thoai-vivo-y55-2022-theo-yeu-cau/
VIVO,Vivo Y,Vivo Y65,https://hatocase.com/in-op-lung-vivo-y65/
VIVO,Vivo Y,Vivo Y66,https://hatocase.com/in-op-lung-vivo-y66/
VIVO,Vivo Y,Vivo 67,https://hatocase.com/in-op-lung-vivo-v5-v5s-y67/
VIVO,Vivo Y,Vivo Y69,https://hatocase.com/in-op-lung-vivo-y69/
VIVO,Vivo Y,Vivo Y71/ Y71i,https://hatocase.com/in-op-lung-vivo-y71-y71i/
VIVO,Vivo Y,Vivo Y72,https://hatocase.com/in-op-lung-dien-thoai-vivo-y72-theo-yeu-cau/
VIVO,Vivo Y,Vivo Y81/ Y81i,https://hatocase.com/in-op-lung-vivo-y81-y81i/
VIVO,Vivo Y,Vivo Y83,https://hatocase.com/in-op-lung-vivo-y83/
VIVO,Vivo Y,Vivo Y91/ Y91i,https://hatocase.com/in-op-lung-vivo-y91/
VIVO,Vivo Y,Vivo Y93,https://hatocase.com/in-op-lung-vivo-y93/
VIVO,Vivo Y,Vivo Y95,https://hatocase.com/in-op-lung-vivo-y95/
VIVO,Điện Thoại Vivo Khác,Vivo U10,https://hatocase.com/in-op-lung-dien-thoai-vivo-u10/
VIVO,Điện Thoại Vivo Khác,Vivo S1,https://hatocase.com/in-op-lung-vivo-s1/
VIVO,Điện Thoại Vivo Khác,Vivo S1 Pro,https://hatocase.com/in-op-lung-dien-thoai-vivo-s1-pro-va-vivo-v17/
VIVO,Điện Thoại Vivo Khác,Vivo T1 5G,https://hatocase.com/in-op-lung-dien-thoai-vivo-t1-5g-theo-yeu-cau/
VIVO,Điện Thoại Vivo Khác,Vivo T1X,https://hatocase.com/in-op-lung-dien-thoai-vivo-t1x-theo-yeu-cau/
XIAOMI,Xiaomi Mi,Mi 5C,https://hatocase.com/in-op-lung-xiaomi-mi-5c/
XIAOMI,Xiaomi Mi,Mi 5S Plus,https://hatocase.com/in-op-lung-xiaomi-mi-5s-plus/
XIAOMI,Xiaomi Mi,Mi 6,https://hatocase.com/in-op-lung-xiaomi-mi-6/
XIAOMI,Xiaomi Mi,Mi 6X/ Mi A2,https://hatocase.com/in-op-lung-xiaomi-mi-6x/
XIAOMI,Xiaomi Mi,Mi 8,https://hatocase.com/in-op-lung-xiaomi-mi-8/
XIAOMI,Xiaomi Mi,Mi 8 Lite,https://hatocase.com/in-op-lung-xiaomi-mi-8-lite/
XIAOMI,Xiaomi Mi,Mi 8 Pro,https://hatocase.com/in-op-lung-xiaomi-mi-8-pro/
XIAOMI,Xiaomi Mi,Mi 8 SE,https://hatocase.com/in-op-lung-xiaomi-mi-8-se/
XIAOMI,Xiaomi Mi,Mi 9,https://hatocase.com/in-op-lung-xiaomi-mi-9/
XIAOMI,Xiaomi Mi,Mi 9 Lite,https://hatocase.com/in-op-lung-xiaomi-mi-9-lite/
XIAOMI,Xiaomi Mi,Mi 9 SE,https://hatocase.com/in-op-lung-xiaomi-mi-9-se/
XIAOMI,Xiaomi Mi,Mi 9T,https://hatocase.com/in-op-lung-xiaomi-mi-9t/
XIAOMI,Xiaomi Mi,Mi 10S,https://hatocase.com/in-op-lung-dien-thoai-xiaomi-mi-10s-theo-yeu-cau/
XIAOMI,Xiaomi Mi,Mi 10T Lite,https://hatocase.com/in-op-lung-dien-thoai-xiaomi-mi-10t-lite-theo-yeu-cau/
XIAOMI,Xiaomi Mi,Mi 10T Pro,https://hatocase.com/in-op-lung-dien-thoai-xiaomi-mi-10t-pro-theo-yeu-cau/
XIAOMI,Xiaomi Mi,Mi 11 5G,https://hatocase.com/in-op-lung-dien-thoai-xiaomi-mi-11-5g-theo-yeu-cau/
XIAOMI,Xiaomi Mi,Mi 11 Lite,https://hatocase.com/in-op-lung-dien-thoai-xiaomi-mi-11-lite-theo-yeu-cau/
XIAOMI,Xiaomi Mi,Mi A1,https://hatocase.com/in-op-lung-xiaomi-mi-a1/
XIAOMI,Xiaomi Mi,Mi A2,https://hatocase.com/in-op-lung-xiaomi-mi-a2/
XIAOMI,Xiaomi Mi,Mi A2 Lite,https://hatocase.com/in-op-lung-xiaomi-mi-a2-lite/
XIAOMI,Xiaomi Mi,Mi A3,https://hatocase.com/in-op-lung-xiaomi-mi-a3/
XIAOMI,Xiaomi Mi,Mi Max,https://hatocase.com/in-op-lung-xiaomi-mi-max/
XIAOMI,Xiaomi Mi,Mi Max 2,https://hatocase.com/in-op-lung-xiaomi-mi-max-2/
XIAOMI,Xiaomi Mi,Mi Max 3,https://hatocase.com/in-op-lung-xiaomi-mi-max-3/
XIAOMI,Xiaomi Mi,Mi Mix 2,https://hatocase.com/in-op-lung-xiaomi-mi-mix-2/
XIAOMI,Xiaomi Mi,Mi Mix 3,https://hatocase.com/in-op-lung-xiaomi-mi-mix-3/
XIAOMI,Xiaomi Mi,Mi Note 10 Lite,https://hatocase.com/in-op-lung-dien-thoai-xiaomi-mi-note-10-lite-theo-yeu-cau/
XIAOMI,Xiaomi Mi,Mi Play,https://hatocase.com/in-op-lung-xiaomi-mi-play/
XIAOMI,Xiaomi Redmi,Redmi 4,https://hatocase.com/in-op-lung-xiaomi-redmi-4/
XIAOMI,Xiaomi Redmi,Redmi 4 Prime,https://hatocase.com/in-op-lung-xiaomi-redmi-4-prime/
XIAOMI,Xiaomi Redmi,Redmi 4A,https://hatocase.com/in-op-lung-xiaomi-redmi-4a/
XIAOMI,Xiaomi Redmi,Redmi 4X,https://hatocase.com/in-op-lung-xiaomi-redmi-4x/
XIAOMI,Xiaomi Redmi,Redmi 5,https://hatocase.com/in-op-lung-xiaomi-redmi-5/
XIAOMI,Xiaomi Redmi,Redmi 5 Plus,https://hatocase.com/in-op-lung-xiaomi-redmi-5-plus/
XIAOMI,Xiaomi Redmi,Redmi 5A,https://hatocase.com/in-op-lung-xiaomi-redmi-5a/
XIAOMI,Xiaomi Redmi,Redmi 6,https://hatocase.com/in-op-lung-xiaomi-redmi-6/
XIAOMI,Xiaomi Redmi,Redmi 6 Pro,https://hatocase.com/in-op-lung-xiaomi-redmi-6-pro/
XIAOMI,Xiaomi Redmi,Redmi 7,https://hatocase.com/in-op-lung-xiaomi-redmi-7/
XIAOMI,Xiaomi Redmi,Redmi 7A,https://hatocase.com/in-op-lung-xiaomi-redmi-7a/
XIAOMI,Xiaomi Redmi,Redmi 8,https://hatocase.com/in-op-lung-dien-thoai-xiaomi-redmi-8-theo-yeu-cau/
XIAOMI,Xiaomi Redmi,Redmi 9,https://hatocase.com/in-op-lung-dien-thoai-xiaomi-redmi-9-theo-yeu-cau/
XIAOMI,Xiaomi Redmi,Redmi 9A,https://hatocase.com/in-op-lung-dien-thoai-xiaomi-redmi-9a-theo-yeu-cau/
XIAOMI,Xiaomi Redmi,Redmi 9C,https://hatocase.com/in-op-lung-dien-thoai-xiaomi-redmi-9c-theo-yeu-cau/
XIAOMI,Xiaomi Redmi,Redmi 9i,https://hatocase.com/in-op-lung-dien-thoai-xiaomi-redmi-9i-theo-yeu-cau/
XIAOMI,Xiaomi Redmi,Redmi 9T,https://hatocase.com/in-op-lung-dien-thoai-xiaomi-redmi-9t-theo-yeu-cau/
XIAOMI,Xiaomi Redmi,Redmi 10,https://hatocase.com/in-op-lung-dien-thoai-xiaomi-redmi-10-theo-yeu-cau/
XIAOMI,Xiaomi Redmi,Redmi 10C,https://hatocase.com/in-op-lung-dien-thoai-xiaomi-redmi-10c-theo-yeu-cau/
XIAOMI,Xiaomi Redmi,Redmi 12,https://hatocase.com/in-op-lung-dien-thoai-xiaomi-redmi-12-theo-yeu-cau/
XIAOMI,Xiaomi Redmi,Redmi 12C,https://hatocase.com/in-op-lung-dien-thoai-xiaomi-redmi-12c-theo-yeu-cau/
XIAOMI,Xiaomi Redmi,Redmi 13C,https://hatocase.com/op-lung-dien-thoai-xiaomi-redmi-13c-theo-yeu-cau/
XIAOMI,Xiaomi Redmi,Redmi Note 3,https://hatocase.com/in-op-lung-xiaomi-redmi-note-3/
XIAOMI,Xiaomi Redmi,Redmi Note 3 Pro,https://hatocase.com/in-op-lung-xiaomi-redmi-note-3-pro/
XIAOMI,Xiaomi Redmi,Redmi Note 4,https://hatocase.com/in-op-lung-xiaomi-redmi-note-4/
XIAOMI,Xiaomi Redmi,Redmi Note 4X,https://hatocase.com/in-op-lung-xiaomi-redmi-note-4x/
XIAOMI,Xiaomi Redmi,Redmi Note 5,https://hatocase.com/in-op-lung-xiaomi-redmi-note-5/
XIAOMI,Xiaomi Redmi,Redmi Note 5 Pro,https://hatocase.com/in-op-lung-xiaomi-redmi-note-5-pro/
XIAOMI,Xiaomi Redmi,Redmi Note 5A,https://hatocase.com/in-op-lung-xiaomi-redmi-note-5a/
XIAOMI,Xiaomi Redmi,Redmi Note 5A Prime,https://hatocase.com/in-op-lung-xiaomi-redmi-note-5a-prime/
XIAOMI,Xiaomi Redmi,Redmi Note 6,https://hatocase.com/in-op-lung-xiaomi-redmi-note-6/
XIAOMI,Xiaomi Redmi,Redmi Note 6 Pro,https://hatocase.com/in-op-lung-xiaomi-redmi-note-6/
XIAOMI,Xiaomi Redmi,Redmi Note 7,https://hatocase.com/in-op-lung-xiaomi-redmi-note-7/
XIAOMI,Xiaomi Redmi,Redmi Note 8,https://hatocase.com/in-op-lung-xiaomi-redmi-note-8/
XIAOMI,Xiaomi Redmi,Redmi Note 8 Pro,https://hatocase.com/in-op-lung-xiaomi-redmi-note-8-pro/
XIAOMI,Xiaomi Redmi,Redmi Note 9,https://hatocase.com/in-op-lung-dien-thoai-xiaomi-redmi-note-9-theo-yeu-cau/
XIAOMI,Xiaomi Redmi,Redmi Note 9 Pro,https://hatocase.com/in-op-lung-dien-thoai-xiaomi-redmi-note-9-pro-theo-yeu-cau/
XIAOMI,Xiaomi Redmi,Redmi Note 9 Pro 5G,https://hatocase.com/in-op-lung-dien-thoai-xiaomi-redmi-note-9-pro-5g-theo-yeu-cau/
XIAOMI,Xiaomi Redmi,Redmi Note 9s,https://hatocase.com/in-op-lung-dien-thoai-xiaomi-redmi-note-9s-theo-yeu-cau/
XIAOMI,Xiaomi Redmi,Redmi Note 10 4G,https://hatocase.com/in-op-lung-dien-thoai-xiaomi-redmi-note-10-4g-theo-yeu-cau/
XIAOMI,Xiaomi Redmi,Redmi Note 10S 4G,https://hatocase.com/in-op-lung-dien-thoai-xiaomi-redmi-note-10s-4g-theo-yeu-cau/
XIAOMI,Xiaomi Redmi,Redmi Note 10 Pro,https://hatocase.com/in-op-lung-dien-thoai-xiaomi-redmi-note-10-pro-theo-yeu-cau/
XIAOMI,Xiaomi Redmi,Redmi Note 10 Pro 5G,https://hatocase.com/in-op-lung-dien-thoai-xiaomi-redmi-note-10-pro-5g-theo-yeu-cau/
XIAOMI,Xiaomi Redmi,Redmi Note 11 4G,https://hatocase.com/in-op-lung-dien-thoai-xiaomi-redmi-note-11-4g-theo-yeu-cau/
XIAOMI,Xiaomi Redmi,Redmi Note 11 5G,https://hatocase.com/in-op-lung-dien-thoai-xiaomi-redmi-note-11-5g-theo-yeu-cau/
XIAOMI,Xiaomi Redmi,Redmi Note 11S,https://hatocase.com/in-op-lung-dien-thoai-xiaomi-redmi-note-11s-theo-yeu-cau/
XIAOMI,Xiaomi Redmi,Redmi Note 11S 5G,https://hatocase.com/in-op-lung-dien-thoai-xiaomi-redmi-note-11s-5g-theo-yeu-cau/
XIAOMI,Xiaomi Redmi,Redmi Note 11 Pro,https://hatocase.com/in-op-lung-dien-thoai-xiaomi-redmi-note-11-pro-theo-yeu-cau/
XIAOMI,Xiaomi Redmi,Redmi Note 12 4G,https://hatocase.com/in-op-lung-dien-thoai-xiaomi-redmi-note-12-4g-theo-yeu-cau/
XIAOMI,Xiaomi Redmi,Redmi Note 12S,https://hatocase.com/in-op-lung-dien-thoai-xiaomi-redmi-note-12s-theo-yeu-cau/
XIAOMI,Xiaomi Redmi,Redmi Note 12 Pro 4G,https://hatocase.com/in-op-lung-dien-thoai-xiaomi-redmi-note-12-pro-4g-theo-yeu-cau/
XIAOMI,Xiaomi Redmi,Redmi Note 12 Pro 5G,https://hatocase.com/in-op-lung-dien-thoai-xiaomi-redmi-note-12-pro-5g-theo-yeu-cau/
XIAOMI,Xiaomi Redmi,Redmi Note 13,https://hatocase.com/op-lung-dien-thoai-xiaomi-redmi-note-13-theo-yeu-cau/
XIAOMI,Xiaomi Redmi,Redmi Note 13 Pro,https://hatocase.com/op-lung-dien-thoai-xiaomi-redmi-note-13-pro-theo-yeu-cau/
XIAOMI,Xiaomi Redmi,Redmi Note 13 Pro Plus,https://hatocase.com/op-lung-dien-thoai-xiaomi-redmi-note-13-pro-plus-theo-yeu-cau/
XIAOMI,Xiaomi Redmi,Redmi Pro,https://hatocase.com/in-op-lung-xiaomi-redmi-pro/
XIAOMI,Xiaomi Redmi,Redmi K20/ Redmi K20 Pro,https://hatocase.com/in-op-lung-xiaomi-redmi-k20-k20-pro/
XIAOMI,Xiaomi Redmi,Redmi K30,https://hatocase.com/in-op-lung-dien-thoai-xiaomi-redmi-k30-theo-yeu-cau/
XIAOMI,Xiaomi Redmi,Redmi K30 Pro,https://hatocase.com/in-op-lung-dien-thoai-xiaomi-redmi-k30-pro-theo-yeu-cau/
XIAOMI,Xiaomi Redmi,Redmi K40,https://hatocase.com/in-op-lung-dien-thoai-xiaomi-redmi-k40-theo-yeu-cau/
XIAOMI,Xiaomi Redmi,Redmi K40S,https://hatocase.com/in-op-lung-dien-thoai-xiaomi-redmi-k40s-theo-yeu-cau/
XIAOMI,Xiaomi Redmi,Redmi K40 Gaming,https://hatocase.com/in-op-lung-dien-thoai-xiaomi-redmi-k40-gaming-theo-yeu-cau/
XIAOMI,Xiaomi Redmi,Redmi K50,https://hatocase.com/in-op-lung-dien-thoai-xiaomi-redmi-k50-theo-yeu-cau/
XIAOMI,Xiaomi Redmi,Redmi K50 Pro,https://hatocase.com/in-op-lung-dien-thoai-xiaomi-redmi-k50-pro-theo-yeu-cau/
XIAOMI,Xiaomi Redmi,Redmi K50 Gaming,https://hatocase.com/in-op-lung-dien-thoai-xiaomi-redmi-k50-gaming-theo-yeu-cau/
XIAOMI,Xiaomi Redmi,Redmi K60,https://hatocase.com/in-op-lung-dien-thoai-xiaomi-redmi-k60-theo-yeu-cau/
XIAOMI,Xiaomi Redmi,Redmi K60 Pro,https://hatocase.com/in-op-lung-dien-thoai-xiaomi-redmi-k60-pro-theo-yeu-cau/
XIAOMI,Xiaomi Redmi,Redmi S2,https://hatocase.com/in-op-lung-xiaomi-redmi-s2/
XIAOMI,Điện Thoại Xiaomi Khác,POCO C40,https://hatocase.com/in-op-lung-dien-thoai-xiaomi-poco-c40-theo-yeu-cau/
XIAOMI,Điện Thoại Xiaomi Khác,Pocophone F1,https://hatocase.com/in-op-lung-pocophone-f1/
XIAOMI,Điện Thoại Xiaomi Khác,Xiaomi Poco F3,https://hatocase.com/in-op-lung-dien-thoai-xiaomi-poco-f3-theo-yeu-cau/
XIAOMI,Điện Thoại Xiaomi Khác,POCO F4,https://hatocase.com/in-op-lung-dien-thoai-xiaomi-poco-f4-theo-yeu-cau/
XIAOMI,Điện Thoại Xiaomi Khác,Xiaomi Poco X3,https://hatocase.com/in-op-lung-dien-thoai-xiaomi-poco-x3-theo-yeu-cau/
XIAOMI,Điện Thoại Xiaomi Khác,Xiaomi Poco X3 Pro,https://hatocase.com/in-op-lung-dien-thoai-xiaomi-poco-x3-pro-theo-yeu-cau/
XIAOMI,Điện Thoại Xiaomi Khác,Poco X3 GT,https://hatocase.com/in-op-lung-dien-thoai-xiaomi-poco-x3-gt-theo-yeu-cau/
XIAOMI,Điện Thoại Xiaomi Khác,Xiaomi Poco M3,https://hatocase.com/in-op-lung-dien-thoai-xiaomi-poco-m3-theo-yeu-cau/
XIAOMI,Điện Thoại Xiaomi Khác,Black Shark 2,https://hatocase.com/in-op-lung-xiaomi-black-shark-2/
XIAOMI,Điện Thoại Xiaomi Khác,Xiaomi 11T,https://hatocase.com/in-op-lung-dien-thoai-xiaomi-11t-theo-yeu-cau/
XIAOMI,Điện Thoại Xiaomi Khác,Xiaomi 12,https://hatocase.com/in-op-lung-dien-thoai-xiaomi-12-theo-yeu-cau/
XIAOMI,Điện Thoại Xiaomi Khác,Xiaomi 12 Lite 5G,https://hatocase.com/op-lung-dien-thoai-xiaomi-12-lite-5g-theo-yeu-cau/
XIAOMI,Điện Thoại Xiaomi Khác,Xiaomi 12 Pro,https://hatocase.com/in-op-lung-dien-thoai-xiaomi-12-pro-theo-yeu-cau/
XIAOMI,Điện Thoại Xiaomi Khác,Xiaomi 12T,https://hatocase.com/in-op-lung-dien-thoai-xiaomi-12t-theo-yeu-cau/
XIAOMI,Điện Thoại Xiaomi Khác,Xiaomi 12T Pro,https://hatocase.com/in-op-lung-dien-thoai-xiaomi-12t-pro-theo-yeu-cau/
XIAOMI,Điện Thoại Xiaomi Khác,Xiaomi 13,https://hatocase.com/in-op-lung-dien-thoai-xiaomi-13-theo-yeu-cau/
XIAOMI,Điện Thoại Xiaomi Khác,Xiaomi 13 Lite,https://hatocase.com/in-op-lung-dien-thoai-xiaomi-13-lite-theo-yeu-cau/
XIAOMI,Điện Thoại Xiaomi Khác,Xiaomi 13 Pro,https://hatocase.com/in-op-lung-dien-thoai-xiaomi-13-pro-theo-yeu-cau/
XIAOMI,Điện Thoại Xiaomi Khác,Xiaomi 13T,https://hatocase.com/in-op-lung-dien-thoai-xiaomi-13t-theo-yeu-cau/
XIAOMI,Điện Thoại Xiaomi Khác,Xiaomi 13T Pro,https://hatocase.com/in-op-lung-dien-thoai-xiaomi-13t-pro-theo-yeu-cau/
XIAOMI,Điện Thoại Xiaomi Khác,Xiaomi 14 5G,https://hatocase.com/op-lung-dien-thoai-xiaomi-14-5g-theo-yeu-cau/
XIAOMI,Điện Thoại Xiaomi Khác,Xiaomi 14 Pro 5G,https://hatocase.com/op-lung-dien-thoai-xiaomi-14-pro-5g-theo-yeu-cau/
HUAWEI,Huawei Honor,Huawei Honor 8x,https://hatocase.com/in-op-lung-huawei-honor-8x/
HUAWEI,Huawei Honor,Honor 8a,https://hatocase.com/in-op-lung-huawei-honor-8a/
HUAWEI,Huawei Honor,Honor 9 Lite,https://hatocase.com/in-op-lung-huawei-honor-9-lite/
HUAWEI,Huawei Honor,Honor 10,https://hatocase.com/in-op-lung-huawei-honor-10/
HUAWEI,Huawei Honor,Honor 10 Lite,https://hatocase.com/in-op-lung-huawei-honor-10-lite/
HUAWEI,Huawei Honor,Huawei Honor Play,https://hatocase.com/in-op-lung-huawei-honor-play/
HUAWEI,Huawei Mate,Huawei Mate 10 Lite,https://hatocase.com/in-op-lung-huawei-mate-10-lite/
HUAWEI,Huawei Mate,Huawei Mate 20,https://hatocase.com/in-op-lung-huawei-mate-20/
HUAWEI,Huawei Mate,Huawei Mate 20 Pro,https://hatocase.com/in-op-lung-huawei-mate-20-pro/
HUAWEI,Huawei Nova,Huawei Nova 2i,https://hatocase.com/in-op-lung-huawei-nova-2i/
HUAWEI,Huawei Nova,Huawei Nova 3,https://hatocase.com/in-op-lung-huawei-nova-3/
HUAWEI,Huawei Nova,Huawei Nova 3e,https://hatocase.com/in-op-lung-huawei-nova-3e/
HUAWEI,Huawei Nova,Huawei Nova 3i,https://hatocase.com/in-op-lung-huawei-nova-3i/
HUAWEI,Huawei Nova,Huawei Nova 5T,https://hatocase.com/in-op-lung-dien-thoai-huawei-nova-5t-theo-yeu-cau/
HUAWEI,Huawei Nova,Huawei Nova 7i,https://hatocase.com/in-op-lung-dien-thoai-huawei-nova-7i-theo-yeu-cau/
HUAWEI,Huawei P,Huawei P20 Lite,https://hatocase.com/in-op-lung-huawei-p20-lite/
HUAWEI,Huawei P,Huawei P20 Pro,https://hatocase.com/in-op-lung-huawei-p20-pro/
HUAWEI,Huawei P,Huawei P30 Lite,https://hatocase.com/in-op-lung-huawei-p30-lite/
HUAWEI,Huawei P,Huawei P30,https://hatocase.com/in-op-lung-huawei-p30/
HUAWEI,Huawei P,Huawei P30 Pro,https://hatocase.com/in-op-lung-huawei-p30-pro/
HUAWEI,Huawei Y,Huawei Y6 Prime (2018),https://hatocase.com/in-op-lung-huawei-y6-prime-2018/
HUAWEI,Huawei Y,Huawei Y7 Prime,https://hatocase.com/in-op-lung-huawei-y7-prime/
HUAWEI,Huawei Y,Huawei Y7 Prime 2018,https://hatocase.com/in-op-lung-huawei-y7-prime-2018/
HUAWEI,Huawei Y,Huawei Y7 Pro (2018),https://hatocase.com/in-op-lung-huawei-y7-pro-2018/
HUAWEI,Huawei Y,Huawei Y7 Pro (2019),https://hatocase.com/in-op-lung-huawei-y7-pro-2019/
HUAWEI,Huawei Y,Huawei Y9 (2018),https://hatocase.com/in-op-lung-huawei-y9-2018/
HUAWEI,Huawei Y,Huawei Y9 (2019),https://hatocase.com/in-op-lung-huawei-y9-2019/
HUAWEI,Huawei Y,Huawei Y9 Prime 2019,https://hatocase.com/in-op-lung-huawei-y9-prime-2019/
SONY,None,Xperia L2,https://hatocase.com/in-op-lung-sony-xperia-l2/
SONY,None,Xperia M2,https://hatocase.com/in-op-lung-sony-xperia-m2/
SONY,None,Xperia M4,https://hatocase.com/in-op-lung-sony-xperia-m4/
SONY,None,Xperia M5,https://hatocase.com/in-op-lung-sony-xperia-m5/
SONY,None,Xperia X,https://hatocase.com/in-op-lung-sony-xperia-x/
SONY,None,Xperia X Compact,https://hatocase.com/in-op-lung-sony-xperia-x-compact/
SONY,None,Xperia X Performance,https://hatocase.com/in-op-lung-sony-xperia-x-performance/
SONY,None,Xperia XA,https://hatocase.com/in-op-lung-sony-xperia-xa/
SONY,None,Xperia XA1,https://hatocase.com/in-op-lung-sony-xperia-xa1/
SONY,None,Xperia XA1 Plus,https://hatocase.com/in-op-lung-sony-xperia-xa1-plus/
SONY,None,Xperia XA1 Ultra,https://hatocase.com/in-op-lung-sony-xperia-xa1-ultra/
SONY,None,Xperia XZ,https://hatocase.com/in-op-lung-sony-xperia-xz/
SONY,None,Xperia XZ Premium,https://hatocase.com/in-op-lung-sony-xperia-xz-premium/
SONY,None,Xperia XZ1,https://hatocase.com/in-op-lung-sony-xperia-xz1/
SONY,None,Xperia XZ2,https://hatocase.com/in-op-lung-sony-xperia-xz2/
SONY,None,Sony XZ3,https://hatocase.com/in-op-lung-sony-xz3/
SONY,None,Xperia Z1,https://hatocase.com/in-op-lung-sony-xperia-z1/
SONY,None,Xperia Z2,https://hatocase.com/in-op-lung-sony-xperia-z2/
SONY,None,Xperia Z3,https://hatocase.com/in-op-lung-sony-xperia-z3/
SONY,None,Xperia Z4,https://hatocase.com/in-op-lung-sony-xperia-z4/
SONY,None,Xperia Z5,https://hatocase.com/in-op-lung-sony-xperia-z5/
NOKIA,None,Nokia 3,https://hatocase.com/in-op-lung-nokia-3/
NOKIA,None,Nokia 3.1,https://hatocase.com/in-op-lung-nokia-31/
NOKIA,None,Nokia 3.1 Plus,https://hatocase.com/in-op-lung-noikia-31-plus/
NOKIA,None,Nokia 3.4,https://hatocase.com/in-op-lung-dien-thoai-nokia-3-4-theo-yeu-cau/
NOKIA,None,Nokia 5,https://hatocase.com/in-op-lung-nokia-5/
NOKIA,None,Nokia 5.1 Plus,https://hatocase.com/in-op-lung-nokia-51-plus/
NOKIA,None,Nokia 5.4,https://hatocase.com/in-op-lung-dien-thoai-nokia-5-4-theo-yeu-cau/
NOKIA,None,Nokia 6.1,https://hatocase.com/in-op-lung-nokia-61-2018/
NOKIA,None,Nokia 6.1 Plus,https://hatocase.com/in-op-lung-nokia-61-plus/
NOKIA,None,Nokia 7.2,https://hatocase.com/in-op-lung-nokia-72/
NOKIA,None,Nokia 8.1,https://hatocase.com/in-op-lung-nokia-8-1/
NOKIA,None,Nokia 8.3,https://hatocase.com/in-op-lung-dien-thoai-nokia-83-theo-yeu/
ZENFONE,None,Zenfone 3 Max (5.5 inch),https://hatocase.com/in-op-lung-zenfone-3-max-55inch/
ZENFONE,None,Zenfone 4 Max Pro,https://hatocase.com/in-op-lung-zenfone-4-max-pro/
ZENFONE,None,Zenfone 5 2018,https://hatocase.com/in-op-lung-zenfone-5/
ZENFONE,None,Zenfone Max Pro M1,https://hatocase.com/in-op-lung-zenfone-max-pro-m1/
ZENFONE,None,Zenfone Max Pro M2,https://hatocase.com/in-op-lung-zenfone-max-pro-m2/
ZENFONE,None,Zenfone Max Plus M1,https://hatocase.com/in-op-lung-zenfone-max-plus-m1/
ZENFONE,None,Rog Phone 3,https://hatocase.com/in-op-lung-dien-thoai-asus-rog-phone-3-theo-yeu-cau/
VSMART,None,Active 1,https://hatocase.com/in-op-lung-vsmart-active-1/
VSMART,None,Active 1 Plus,https://hatocase.com/in-op-lung-vsmart-active-1-plus/
VSMART,None,Vsmart Active 3,https://hatocase.com/in-op-lung-dien-thoai-vsmart-active-3-theo-yeu-cau/
VSMART,None,Vsmart Bee,https://hatocase.com/in-op-lung-vsmart-bee/
VSMART,None,Joy 1,https://hatocase.com/in-op-lung-vsmart-joy-1/
VSMART,None,Joy 1 Plus,https://hatocase.com/in-op-lung-vsmart-joy-1-plus/
VSMART,None,Vsmart Joy 3,https://hatocase.com/in-op-lung-dien-thoai-vsmart-joy-3-theo-yeu-cau/
VSMART,None,Vsmart Joy 4,https://hatocase.com/in-op-lung-dien-thoai-vsmart-joy-4-theo-yeu-cau/
VSMART,None,Vsmart Live,https://hatocase.com/in-op-lung-vsmart-live/
VSMART,None,Vsmart Live 4,https://hatocase.com/in-op-lung-dien-thoai-vsmart-live-4-theo-yeu-cau/
VSMART,None,Vsmart Bee 3,https://hatocase.com/in-op-lung-dien-thoai-vsmart-bee-3-theo-yeu-cau/
VSMART,None,Vsmart Star 3,https://hatocase.com/in-op-lung-dien-thoai-vsmart-star-3-theo-yeu-cau/
VSMART,None,Vsmart Star 4,https://hatocase.com/in-op-lung-dien-thoai-vsmart-star-4-theo-yeu-cau/
VSMART,None,Vsmart Star 5,https://hatocase.com/in-op-lung-dien-thoai-vsmart-star-5-theo-yeu-cau/
VSMART,None,Vsmart Aris,https://hatocase.com/in-op-lung-dien-thoai-vsmart-aris-theo-yeu-cau/
